,28xeuclidean,28xcosine,id
0,"[1.33776857 1.37216502 1.26314187 1.36489187 1.41421356 1.35928305
 1.41421356 1.34987813 1.37793731 1.36635108 1.37223811 1.32994937
 1.31823728 1.3687334  1.39870763 1.3790796  1.30807212 1.41421356
 1.23071901 1.41421356 1.35477671 1.3783518  1.35357962 1.39401722
 1.41421356 1.41421356 1.39030653 1.35233728]","[0.10518762 0.05858158 0.20223631 0.06853509 0.         0.0761748
 0.         0.08891452 0.05064438 0.06654236 0.05848129 0.11561733
 0.13112523 0.06328444 0.02180848 0.04906972 0.14447366 0.
 0.24266536 0.         0.08229003 0.05007316 0.08391111 0.028358
 0.         0.         0.03352388 0.08559195]",00i15xzd
1,"[1.32960723 1.26013417 1.32173204 1.37604165 1.22210278 1.35946537
 1.34062886 1.3300982  1.27617353 1.35008581 1.30765024 1.37270888
 1.29109914 1.32639601 1.34599612 1.15837926 1.31537297 1.30805109
 1.3754588  1.31388151 1.36339958 1.34199722 1.34921278 1.3911858
 1.38285422 1.30862444 1.29474385 1.34390652]","[0.1160723  0.20603094 0.12651221 0.05325468 0.2532324  0.07592696
 0.10135712 0.11541938 0.18569056 0.08863415 0.14502543 0.05783517
 0.16653151 0.12033682 0.09414722 0.32907874 0.13489698 0.14450117
 0.05405655 0.13685769 0.0705708  0.09952173 0.08981244 0.03230104
 0.04385711 0.14375104 0.16181918 0.09695763]",08oi5ot0
2,"[1.28296294 1.30087364 1.34778291 1.31480745 1.33747753 1.28350422
 1.3553991  1.35444209 1.2354015  1.37784791 1.23802167 1.19065904
 1.32012792 1.36056663 1.37738255 1.32175407 1.33843669 1.33403076
 1.32834528 1.20029653 1.24591627 1.28878284 1.35646856 1.36289776
 1.26265141 1.30353616 1.31966871 1.35288063]","[0.17700305 0.15386389 0.09174062 0.13564068 0.10557692 0.17630845
 0.08144665 0.08274331 0.23689157 0.05076757 0.23365117 0.29116552
 0.12863114 0.07442922 0.05140865 0.1264831  0.10429361 0.11018097
 0.11774941 0.27964411 0.22384632 0.16951939 0.07999653 0.07125485
 0.20285571 0.15039674 0.12923725 0.084857  ]",0d6lhkyn
3,"[1.31426855 1.33033379 1.38880343 1.34079358 1.2946103  1.34238786
 1.30772157 1.36342894 1.40129098 1.29727654 1.32918475 1.37516783
 1.34324558 1.35507809 1.36155699 1.35890227 1.28652361 1.28464035
 1.39879255 1.38088562 1.37684891 1.37635344 1.33824519 1.35350636
 1.33851854 1.33375992 1.21947158 1.30939961]","[0.1363491  0.115106   0.03561252 0.10113629 0.16199209 0.09899742
 0.14493214 0.07053076 0.01819179 0.15853678 0.11663395 0.05445672
 0.09784566 0.08188169 0.07308129 0.07669231 0.17242851 0.17484959
 0.0216897  0.04657746 0.05214353 0.05282561 0.1045499  0.08401027
 0.10418405 0.11054224 0.25644453 0.14273633]",0l0w57fc
4,"[1.27805016 1.36108531 1.29941062 1.3100247  1.33486349 1.26556543
 1.3067114  1.31971003 1.34223936 1.3362015  1.31943705 1.27724183
 1.35861899 1.39936045 1.37238312 1.36955827 1.35728587 1.38594687
 1.40199296 1.32530161 1.34801242 1.38407995 1.34434934 1.33553629
 1.37708447 1.34678116 1.36815107 1.28809854]","[0.18329389 0.07372339 0.15576602 0.14191765 0.10906973 0.19917207
 0.14625266 0.12918272 0.09919676 0.10728277 0.12954294 0.18432666
 0.07707722 0.02089517 0.05828229 0.06215507 0.07888754 0.03957564
 0.01720787 0.12178782 0.09143126 0.04216135 0.09636243 0.10817141
 0.05181918 0.09309026 0.06408132 0.17040107]",0qpop5a9
5,"[1.3200019  1.23250014 1.39068563 1.32857602 1.35668908 1.39458632
 1.37935136 1.35469858 1.35112915 1.39818011 1.39402553 1.41421356
 1.23061342 1.39390704 1.35909363 1.35728922 1.3628207  1.37823486
 1.38848988 1.34814929 1.37644925 1.33735164 1.30295756 1.41421356
 1.39776884 1.36113983 1.35579115 1.35906372]","[0.12879749 0.24047171 0.03299674 0.11744287 0.07969737 0.0275645
 0.04869491 0.08239588 0.08722501 0.02254619 0.02834641 0.
 0.24279531 0.02851158 0.07643225 0.07888299 0.07135988 0.05023434
 0.03604792 0.09124675 0.05269374 0.10574529 0.1511508  0.
 0.02312113 0.07364918 0.08091518 0.0764729 ]",0ri46tfh
6,"[1.28033074 1.32719623 1.36571684 1.33357388 1.29900022 1.36390007
 1.39420919 1.28905035 1.32310393 1.26982798 1.21985003 1.27656838
 1.25843969 1.33338822 1.37541229 1.33180619 1.36776063 1.30719727
 1.3307168  1.36981564 1.31545838 1.30571971 1.32945069 1.33323653
 1.3527659  1.32426075 1.31842112 1.37182883]","[0.1803766  0.11927508 0.06740875 0.11079036 0.15629922 0.0698883
 0.02809037 0.16917459 0.12469799 0.19376846 0.25598295 0.18518659
 0.20816477 0.11103792 0.05412052 0.11314613 0.06461543 0.14561765
 0.1145964  0.06180255 0.13478463 0.14754802 0.11628044 0.11124018
 0.08501221 0.12316673 0.13088288 0.05904284]",10xj3h72
7,"[1.36719318 1.34952858 1.33384901 1.39877306 1.27492572 1.30919349
 1.38432269 1.34088349 1.38568669 1.330723   1.26622107 1.27318635
 1.35629897 1.36320447 1.37152693 1.3088629  1.29778174 1.41421356
 1.35488222 1.3187513  1.34204316 1.30808216 1.3759745  1.29622104
 1.29530723 1.18571176 1.30058416 1.2854985 ]","[0.0653914  0.0893863  0.11042342 0.02171697 0.18728221 0.1430062
 0.04182535 0.10101574 0.0399362  0.11458816 0.1983421  0.18949826
 0.08022655 0.07083679 0.05945694 0.14343895 0.15788128 0.
 0.08214709 0.13044751 0.09946007 0.14446053 0.05334708 0.1599055
 0.16108959 0.29704381 0.15424042 0.17374681]",1qm1gvxq
8,"[1.33344522 1.34109441 1.34647222 1.31571492 1.32714913 1.36701389
 1.33178362 1.27811845 1.14063392 1.31523474 1.33417418 1.40383359
 1.29057147 1.21785734 1.27333853 1.36227499 1.40705879 1.35491421
 1.27524595 1.30354687 1.29710902 1.29447497 1.33385161 1.31448921
 1.35263933 1.32120701 1.33506723 1.37820687]","[0.11096193 0.10073289 0.09350628 0.13444713 0.11933759 0.06563652
 0.11317619 0.18320661 0.34947713 0.13507879 0.10998963 0.01462562
 0.16721264 0.25841175 0.18930449 0.07210343 0.01009279 0.08210375
 0.18687389 0.15038278 0.1587541  0.16216728 0.11041994 0.13605905
 0.08518342 0.12720602 0.10879774 0.05027291]",2iaym4x3
9,"[1.37912768 1.38176954 1.41421356 1.34012349 1.35796469 1.39881118
 1.35928961 1.41421356 1.41421356 1.30011157 1.31885292 1.39674998
 1.41421356 1.41421356 1.41421356 1.37114912 1.31771537 1.41421356
 1.41421356 1.41421356 1.29242147 1.41421356 1.37463845 1.38191468
 1.41421356 1.37310461 1.41421356 1.41421356]","[0.04900342 0.04535647 0.         0.10203451 0.07796594 0.02166365
 0.07616587 0.         0.         0.15485496 0.13031349 0.02454475
 0.         0.         0.         0.05997505 0.1318131  0.
 0.         0.         0.16482337 0.         0.05518456 0.04515591
 0.         0.05729186 0.         0.        ]",39mr6yrh
10,"[1.38632746 1.30023651 1.40118777 1.19770163 1.30605871 1.40453685
 1.37030535 1.38392345 1.33724969 1.36747846 1.27084316 1.38462086
 1.36243939 1.36376724 1.30655661 1.24590858 1.34956552 1.36649576
 1.37791279 1.36628491 1.3649372  1.3740155  1.31204287 1.37213017
 1.34032634 1.35280836 1.36887496 1.36760134]","[0.03904808 0.15469251 0.01833641 0.2827554  0.14710533 0.01363812
 0.06113162 0.04237794 0.10588164 0.06500133 0.19247883 0.04141254
 0.07187946 0.07006946 0.14645491 0.2238559  0.08933645 0.06634467
 0.05067817 0.06663277 0.06847322 0.0560407  0.13927176 0.0586294
 0.10176265 0.08495478 0.06309067 0.06483329]",3d16rucc
11,"[1.41421356 1.28339737 1.38118591 1.41421356 1.41421356 1.34243324
 1.41421356 1.41421356 1.36658071 1.41421356 1.41421356 1.41421356
 1.41421356 1.34260354 1.41421356 1.37454364 1.36343885 1.41421356
 1.36076071 1.34405566 1.39465015 1.38136384 1.41421356 1.41421356
 1.41421356 1.38116549 1.41421356 1.41421356]","[0.         0.17644559 0.04616274 0.         0.         0.0989365
 0.         0.         0.06622858 0.         0.         0.
 0.         0.09870786 0.         0.0553149  0.07051726 0.
 0.07416515 0.09675719 0.02747548 0.04591698 0.         0.
 0.         0.04619094 0.         0.        ]",41wqsfkx
12,"[1.24443281 1.35447932 1.35984176 1.33437807 1.33125109 1.37551461
 1.3369172  1.307674   1.23478475 1.30747124 1.26141208 1.29433038
 1.26111382 1.35179832 1.3250613  1.32280292 1.33181327 1.29299696
 1.3552157  1.34020556 1.36745741 1.31472021 1.28581623 1.28974555
 1.31483038 1.35456195 1.32603092 1.30782245]","[0.22569349 0.08269289 0.07541519 0.10971759 0.11388527 0.05397978
 0.1063262  0.14499435 0.23765331 0.14525947 0.20441978 0.16235443
 0.20479596 0.08632065 0.12210627 0.12509622 0.11313671 0.16407943
 0.0816952  0.10192453 0.06503012 0.13575538 0.17333831 0.16827821
 0.13561054 0.08258097 0.120821   0.14480021]",48xdti2f
13,"[1.34707568 1.29946193 1.31971765 1.35918906 1.30106211 1.34694516
 1.34415435 1.30894125 1.30197604 1.28288596 1.27542002 1.31274469
 1.29905249 1.29806675 1.28633834 1.17010604 1.28839659 1.29969144
 1.37372703 1.27968931 1.26253585 1.18874742 1.23654492 1.28259305
 1.28359598 1.28124296 1.22966474 1.33578638]","[0.09269356 0.15569935 0.12917266 0.07630255 0.1536187  0.09286937
 0.09662454 0.14333641 0.1524292  0.1771018  0.18665189 0.1383507
 0.15623131 0.15751135 0.17266684 0.31542593 0.17001712 0.15540108
 0.05643703 0.18119764 0.20300161 0.29343979 0.23547833 0.17747753
 0.17619067 0.17920824 0.24396231 0.10783738]",4mouw0mq
14,"[1.22374801 1.2618563  1.32752505 1.37948442 1.2130889  1.32252396
 1.2894994  1.19783605 1.27104499 1.35304937 1.18476917 1.26324363
 1.31120643 1.33184732 1.36346329 1.20240169 1.25764988 1.33056948
 1.33470894 1.30305799 1.28157243 1.35387059 1.37576146 1.33073153
 1.36465836 1.2906583  1.2942741  1.3455306 ]","[0.2512204  0.20385934 0.11883862 0.04851137 0.26420765 0.12546518
 0.16859565 0.28259439 0.19222232 0.0846287  0.298161   0.20210776
 0.14036885 0.11309136 0.07048392 0.27711508 0.20915839 0.11479244
 0.10927602 0.15101994 0.17878606 0.08351722 0.05364021 0.1145768
 0.06885377 0.16710058 0.16242728 0.0947737 ]",54vylc3h
15,"[1.40359467 1.39138593 1.25149818 1.30621735 1.40124843 1.35888697
 1.39813824 1.36616499 1.35387528 1.40075093 1.3731783  1.35672023
 1.3011015  1.37890326 1.3852384  1.35536901 1.41421356 1.3409521
 1.36196193 1.36195361 1.07186121 1.34918965 1.31061609 1.37220848
 1.36096164 1.37220183 1.31781681 1.36198983]","[0.014961   0.03202259 0.21687616 0.14689812 0.01825142 0.07671311
 0.02260473 0.06679661 0.08351086 0.01894842 0.05719068 0.07965511
 0.15356744 0.0493129  0.04055729 0.08148742 0.         0.10092373
 0.07252985 0.07254118 0.42555677 0.08984364 0.14114273 0.05852194
 0.0738917  0.05853107 0.13167943 0.07249186]",58ysvi8n
16,"[1.35111039 1.33188189 1.34873238 1.32472975 1.2992245  1.30907389
 1.29974414 1.3398331  1.37310068 1.37164129 1.28977287 1.34685616
 1.2953001  1.26699008 1.34616175 1.30897982 1.29842129 1.26566341
 1.32303968 1.30345772 1.35858644 1.30632439 1.32378845 1.33452192
 1.33761514 1.29567653 1.11519294 1.30014407]","[0.08725036 0.11304532 0.09046048 0.12254554 0.15600785 0.14316277
 0.15533258 0.10242363 0.05729726 0.05930008 0.16824297 0.09298924
 0.16109883 0.19736807 0.09392428 0.14328591 0.15705108 0.19904807
 0.12478301 0.15049898 0.07712144 0.1467583  0.12379206 0.10952563
 0.10539287 0.16061116 0.37817235 0.15481269]",5h8yu58t
17,"[1.37743855 1.35189133 1.37322408 1.3590657  1.36483353 1.32492936
 1.23398096 1.37748169 1.38997709 1.38722729 1.40184872 1.32719158
 1.38329019 1.35935114 1.38396849 1.37490366 1.3598518  1.41421356
 1.39424121 1.41421356 1.30867541 1.41421356 1.35799866 1.36206856
 1.26997145 1.34975148 1.3521611  1.3839026 ]","[0.05133151 0.08619491 0.05712781 0.07647021 0.06861472 0.12228109
 0.23864549 0.05127209 0.03398185 0.03780022 0.01741009 0.11928126
 0.04325413 0.07608224 0.04231561 0.05481997 0.07540154 0.
 0.02804572 0.         0.14368434 0.         0.07791982 0.07238462
 0.19358625 0.08908547 0.08583018 0.0424068 ]",61zty2sn
18,"[1.28829621 1.25898314 1.31403491 1.28062591 1.28711229 1.26617322
 1.24209334 1.3533763  1.31534612 1.3530208  1.24345594 1.2920589
 1.30841202 1.35277764 1.31911202 1.21866041 1.28413277 1.35758354
 1.29266631 1.25786786 1.35296497 1.30925479 1.32419942 1.28828707
 1.26531496 1.27455092 1.32404184 1.2011283 ]","[0.17014644 0.20748072 0.13665612 0.17999864 0.17167097 0.19840269
 0.22860206 0.08418629 0.1349323  0.08466736 0.22690866 0.1652919
 0.144029   0.08499632 0.12997174 0.2574334  0.17550152 0.07848346
 0.1645069  0.20888422 0.0847429  0.14292595 0.12324795 0.17015821
 0.19948903 0.18775998 0.1234566  0.2786454 ]",66waiorf
19,"[1.3494205  1.33804264 1.33324354 1.33418453 1.39082879 1.38141554
 1.09725723 1.25582147 1.32895918 1.36564382 1.17005264 1.32698817
 1.3405287  1.35676466 1.3249647  1.22408545 1.24679694 1.22710457
 1.33449666 1.32536905 1.37837684 1.37714051 1.38457308 1.35902682
 1.2812724  1.28789351 1.37039003 1.35174616]","[0.08953215 0.10482095 0.11123083 0.10997582 0.03279764 0.04584555
 0.39801328 0.21145621 0.11693375 0.06750848 0.31548841 0.1195512
 0.10149141 0.07959483 0.12223427 0.2508074  0.22274869 0.24710719
 0.10955933 0.12169844 0.05003865 0.051742   0.04147869 0.07652305
 0.17917052 0.17066516 0.06101558 0.08639117]",6hc1izd5
20,"[1.30827389 1.32555859 1.33542259 1.36353093 1.25116653 1.35272138
 1.33723728 1.38190749 1.36714551 1.35607079 1.30953659 1.36612607
 1.35830902 1.37461744 1.35677093 1.34404519 1.37611956 1.38371894
 1.36790541 1.33766456 1.37318985 1.35388916 1.19756591 1.37209109
 1.29833054 1.3464977  1.28878988 1.32233521]","[0.14420971 0.12144722 0.10832326 0.0703917  0.21729116 0.08507244
 0.10589822 0.04516585 0.06545657 0.080536   0.14255695 0.06684979
 0.07749831 0.05521344 0.07958632 0.09677127 0.05314747 0.04266095
 0.06441739 0.10532677 0.05717482 0.08349207 0.28291794 0.05868302
 0.1571689  0.09347197 0.16951032 0.1257148 ]",751xgntu
21,"[1.29173265 1.22933043 1.37073992 1.35213268 1.30635195 1.27304304
 1.35161763 1.27678784 1.33922232 1.38210254 1.20393173 1.29290079
 1.39349547 1.38007758 1.40884782 1.32022167 1.33508726 1.34058529
 1.35667012 1.37908379 1.35032122 1.38619511 1.35930111 1.40499543
 1.38918837 1.28826606 1.33504977 1.33619454]","[0.16571339 0.24437334 0.06053604 0.08586861 0.14672228 0.18968071
 0.0865649  0.18490641 0.10324178 0.04489629 0.2752742  0.16420377
 0.02908519 0.04769294 0.00757391 0.12850738 0.108771   0.10141554
 0.07972309 0.04906395 0.0883163  0.03923156 0.07615024 0.01299392
 0.03507784 0.17018528 0.10882106 0.10729208]",8a1uneuz
22,"[0.         1.34329079 1.34329079 1.35381373 1.35381373 1.36498535
 1.36498535 1.34329079 1.34329079 1.35381373 1.35381373 1.36498535
 1.36498535 0.         1.2732745  1.2732745  1.32559993 1.32559993
 1.2732745  1.2732745  1.32559993 1.32559993 0.         1.33375613
 1.33375613 1.33375613 1.33375613 0.        ]","[1.         0.09778493 0.09778493 0.0835942  0.0835942  0.0684075
 0.0684075  0.09778493 0.09778493 0.0835942  0.0835942  0.0684075
 0.0684075  1.         0.18938603 0.18938603 0.12139241 0.12139241
 0.18938603 0.18938603 0.12139241 0.12139241 1.         0.11054729
 0.11054729 0.11054729 0.11054729 1.        ]",8kfkpopv
23,"[0.         1.24807233 1.24807233 1.23193571 1.23193571 1.27363429
 1.27363429 1.24807233 1.24807233 1.23193571 1.23193571 1.27363429
 1.27363429 0.         1.22859583 1.22859583 1.33675736 1.33675736
 1.22859583 1.22859583 1.33675736 1.33675736 0.         1.28741627
 1.28741627 1.28741627 1.28741627 0.        ]","[1.         0.22115774 0.22115774 0.24116721 0.24116721 0.18892785
 0.18892785 0.22115774 0.22115774 0.24116721 0.24116721 0.18892785
 0.18892785 1.         0.24527614 0.24527614 0.10653988 0.10653988
 0.24527614 0.24527614 0.10653988 0.10653988 1.         0.17127967
 0.17127967 0.17127967 0.17127967 1.        ]",8kfkpopv
24,"[1.29790048 1.21860481 1.30397701 1.32077876 1.38699441 1.31551845
 1.31291199 1.25556322 1.20824695 1.29970892 1.30448434 1.25597093
 1.31859155 1.33689607 1.299672   1.38819778 1.32613052 1.35319961
 1.31842528 1.34620615 1.31878454 1.32947375 1.3809263  1.35049947
 1.34427703 1.33796495 1.33458034 1.28471902]","[0.15772717 0.25750116 0.14982198 0.12777174 0.03812326 0.13470561
 0.13813106 0.2117805  0.27006965 0.15537836 0.1491603  0.21126852
 0.13065816 0.10635445 0.15542635 0.03645347 0.12068892 0.08442541
 0.13087739 0.0938645  0.13040367 0.11624977 0.04652128 0.08807559
 0.09645964 0.1049249  0.10944766 0.17474852]",8umrg2hn
25,"[1.30213509 1.3493588  1.32462687 1.30136026 1.29782481 1.34451421
 1.34938181 1.32780495 1.2979023  1.29342674 1.23225686 1.29789782
 1.26482491 1.2975862  1.30772643 1.32633033 1.31359639 1.33479559
 1.2568168  1.2442276  1.25338616 1.2948718  1.25255444 1.26843898
 1.23441616 1.2649984  1.18835461 1.3097385 ]","[0.1522221  0.08961541 0.12268183 0.15323074 0.15782538 0.09614076
 0.08958436 0.11846701 0.15772481 0.16352363 0.24077151 0.15773063
 0.20010897 0.15813503 0.14492579 0.12042392 0.13723226 0.10916036
 0.21020577 0.22594883 0.21451157 0.16165352 0.21555369 0.19553128
 0.23810838 0.19988952 0.29390666 0.14229253]",alz0juf7
26,"[1.3623453  1.30257668 1.41421356 1.36862533 1.41421356 1.41421356
 1.41421356 1.39241635 1.27798432 1.35665269 1.31685866 1.41421356
 1.41421356 1.35794307 1.37975927 1.39653509 1.41421356 1.3797799
 1.35908941 1.38603336 1.41421356 1.28141737 1.35747079 1.41421356
 1.36871387 1.41421356 1.41421356 1.41421356]","[0.07200764 0.151647   0.         0.06343236 0.         0.
 0.         0.03058836 0.18337803 0.07974674 0.13294164 0.
 0.         0.07799532 0.04813218 0.02484487 0.         0.04810372
 0.07643799 0.03945576 0.         0.17898476 0.07863652 0.
 0.06331117 0.         0.         0.        ]",amsa7f0i
27,"[1.21279849 1.21799693 1.22196348 1.21830102 1.28650953 1.19758333
 1.2615288  1.19017265 1.2863401  1.29113711 1.25358743 1.23707777
 1.30601244 1.23355197 1.33902288 1.31722313 1.3173754  1.36369292
 1.22425395 1.27023103 1.25714895 1.27329539 1.29008086 1.2734698
 1.21056547 1.21196961 1.28509831 1.27479172]","[0.26455991 0.25824174 0.25340262 0.25787132 0.17244661 0.28289708
 0.20427254 0.29174453 0.17266458 0.16648248 0.21425927 0.2348193
 0.14716575 0.23917477 0.10350887 0.13246161 0.13226103 0.07017081
 0.25060114 0.19325656 0.20978826 0.18935943 0.16784569 0.18913734
 0.26726562 0.26556483 0.17426117 0.18745303]",bevvi2bc
28,"[1.30268397 1.23987284 1.28054283 1.24164883 1.20669878 1.3065294
 1.35053756 1.2308315  1.30749049 1.28076895 1.27082714 1.27124276
 1.24823971 1.32756281 1.23722603 1.25675563 1.37746287 1.31469973
 1.25473283 1.26479598 1.35744434 1.32893333 1.28962277 1.24287069
 1.37706609 1.18547616 1.34477605 1.31518002]","[0.15150723 0.23135767 0.18010504 0.22915409 0.27193903 0.14649046
 0.08802414 0.24252691 0.14523431 0.17981545 0.19249919 0.19197093
 0.22094881 0.11878849 0.23463587 0.21028265 0.05129803 0.13578231
 0.21282277 0.20014557 0.07867243 0.11696811 0.16843656 0.22763622
 0.0518445  0.29732314 0.09578869 0.13515076]",bhktja3b
29,"[1.25688859 1.39921177 1.38879185 1.34880993 1.32907622 1.34816996
 1.32895474 1.3918236  1.41421356 1.31060925 1.38328001 1.30049564
 1.28564676 1.41421356 1.33973298 1.3941985  1.39495888 1.36174457
 1.38260838 1.38025345 1.39050775 1.36323999 1.35630082 1.38408501
 1.25172949 1.30210775 1.32482305 1.37755059]","[0.21011553 0.02110321 0.0356286  0.09035589 0.1167782  0.09121887
 0.11693965 0.03141353 0.         0.14115169 0.04326821 0.15435555
 0.1735562  0.         0.10255777 0.02810527 0.02704486 0.07282586
 0.04419703 0.04745021 0.03324411 0.07078837 0.08022404 0.04215434
 0.21658664 0.1522577  0.12242194 0.05117718]",blrmwyxk
30,"[1.30747401 1.29710576 1.27532982 1.31873238 1.10859787 1.2107524
 1.30290385 1.3240948  1.3326642  1.33222429 1.1986015  1.28769275
 1.35271746 1.30200667 1.33457308 1.30299145 1.27340734 1.33024307
 1.3578657  1.27320217 1.28832535 1.32061977 1.30492508 1.27969683
 1.32447573 1.14873063 1.28603304 1.26400257]","[0.14525585 0.15875832 0.18676693 0.13047245 0.38550538 0.26703931
 0.15122078 0.12338648 0.11200307 0.11258922 0.28167722 0.17092369
 0.08507773 0.15238931 0.10945735 0.15110664 0.18921687 0.11522669
 0.07810038 0.18947811 0.17010889 0.12798171 0.14858526 0.18118801
 0.12288202 0.34020897 0.17305951 0.20114875]",c5l9xs7r
31,"[1.37504081 1.35973624 1.35230363 1.33992882 1.35853681 1.36360054
 1.35769435 1.3882723  1.29742384 1.31315184 1.28479182 1.22004369
 1.35035513 1.31441084 1.31050265 1.20971841 1.27009527 1.33138786
 1.28492667 1.18482608 1.26868391 1.29596961 1.28203577 1.33510027
 1.3154123  1.21754698 1.28936681 1.28120317]","[0.05463139 0.07555868 0.08563745 0.10229538 0.07718887 0.07029679
 0.07833302 0.03635    0.15834569 0.13781612 0.17465499 0.25574669
 0.08827051 0.13616208 0.1412914  0.26829068 0.19342901 0.11370319
 0.17448173 0.29809358 0.19522056 0.16023139 0.17819214 0.10875363
 0.13484524 0.25878967 0.16876662 0.17925922]",cbtnpa83
32,"[1.35192277 1.34731438 1.36616458 1.35144483 1.35430147 1.31989619
 1.34161647 1.36993442 1.3817882  1.36916235 1.35978664 1.28904535
 1.29947167 1.38964302 1.37771061 1.37707305 1.35141419 1.33342176
 1.3574631  1.34653295 1.30214126 1.32438686 1.17712927 1.3349544
 1.36006294 1.30478863 1.30755708 1.23462517]","[0.08615241 0.09237199 0.06679717 0.08679843 0.08293376 0.12893703
 0.10003263 0.06163984 0.04533068 0.06269723 0.07549015 0.16918105
 0.15568669 0.03444614 0.05095673 0.0518349  0.08683985 0.1109932
 0.07864697 0.09342451 0.15221407 0.12299972 0.30718335 0.10894838
 0.0751144  0.14876331 0.14514724 0.23785034]",cwpk6107
33,"[1.28150537 1.35892354 1.30894313 1.34029235 1.29461127 1.36948257
 1.36883911 1.39225945 1.34107735 1.38948575 1.31267585 1.35214423
 1.38614998 1.32569009 1.37229838 1.37960358 1.36168309 1.30223065
 1.34440353 1.31906283 1.27499243 1.30629798 1.3132569  1.40430986
 1.29585928 1.28381186 1.19972675 1.26175722]","[0.17887199 0.07666341 0.14333394 0.10180821 0.16199083 0.06225874
 0.06313975 0.03080682 0.10075577 0.03466468 0.13844106 0.08585299
 0.03929412 0.1212729  0.05839857 0.04834698 0.07290958 0.15209767
 0.09628957 0.13003663 0.18719715 0.1467928  0.13767816 0.01395691
 0.16037436 0.17591355 0.28032787 0.20398436]",d2c54dfk
34,"[1.3464546  1.30523275 1.41421356 1.30381877 1.29317234 1.37457501
 1.28390381 1.36929947 1.38916588 1.37932656 1.30152259 1.37627304
 1.39640485 1.41421356 1.32552611 1.31737888 1.36455573 1.35532736
 1.3868444  1.38091383 1.41421356 1.38763619 1.26460136 1.31930536
 1.23731693 1.34612888 1.24216507 1.34321443]","[0.09353001 0.14818373 0.         0.1500283  0.16385265 0.05527177
 0.1757955  0.06250947 0.03510907 0.04872912 0.15301947 0.05293626
 0.02502675 0.         0.12149027 0.13225644 0.06899383 0.08154388
 0.03833131 0.0465385  0.         0.0372329  0.2003917  0.12971668
 0.2345234  0.09396852 0.22851297 0.09788749]",de2k1rwl
35,"[1.27582327 1.33417378 1.33388757 1.38134311 1.34744606 1.36224006
 1.33182425 1.31102461 1.2736295  1.29412471 1.2635619  1.30137927
 1.30566418 1.31275654 1.34801446 1.37065898 1.28888777 1.27438184
 1.35195699 1.38988012 1.24140941 1.34528108 1.39199154 1.34574902
 1.35519157 1.39960516 1.36524605 1.37962832]","[0.18613749 0.10999016 0.11037197 0.0459456  0.09219456 0.07215101
 0.11312209 0.14060724 0.18893395 0.16262062 0.20170567 0.153206
 0.14762052 0.13833514 0.09142851 0.06064698 0.16938416 0.18797547
 0.08610615 0.03411662 0.22945134 0.0951094  0.03117978 0.09447978
 0.08172791 0.0205527  0.06805162 0.04831285]",dvw4pmpg
36,"[1.32660669 1.36547148 1.36550668 1.30339089 1.35826572 1.33243515
 1.3318102  1.34859624 1.39876356 1.34858735 1.40401292 1.34674445
 1.3928103  1.31421357 1.35495059 1.38811274 1.35130899 1.37060978
 1.34407262 1.40891558 1.38066463 1.35570961 1.37895366 1.38833731
 1.34890345 1.33632317 1.40208463 1.29007461]","[0.12005735 0.06774382 0.06769576 0.1505861  0.07755712 0.11230829
 0.1131408  0.09064409 0.02173025 0.09065608 0.01437387 0.09313969
 0.03003974 0.13642135 0.08205445 0.03657152 0.086982   0.06071441
 0.09673439 0.00747844 0.04688259 0.08102573 0.0492434  0.03625976
 0.09022975 0.10712019 0.01707935 0.16785375]",evgj8hnz
37,"[1.20981581 1.39310977 1.40154438 1.3469143  1.30917084 1.354492
 1.23098105 1.34237789 1.39658183 1.35243525 1.34082979 1.27820633
 1.30024091 1.37589595 1.37712159 1.29790106 1.35705972 1.36619847
 1.39632525 1.3300276  1.40766996 1.39933769 1.32048708 1.3769121
 1.37359903 1.34368186 1.32888357 1.30426907]","[0.26817285 0.02962258 0.01783667 0.09291093 0.14303586 0.08267571
 0.24234283 0.09901079 0.02477959 0.08545945 0.10108774 0.18309429
 0.15468679 0.05345516 0.05176807 0.15772641 0.07919446 0.06675088
 0.0251379  0.1155133  0.00923264 0.02092701 0.12815693 0.05205654
 0.05661285 0.09725952 0.11703423 0.14944109]",ey6rvkee
38,"[1.36512668 1.34643018 1.36693899 1.33581629 1.36970152 1.36762848
 1.3728149  1.31322562 1.32896697 1.39359    1.31475904 1.39136959
 1.39669389 1.32494445 1.36175793 1.31129427 1.3638943  1.34516072
 1.33256059 1.31535904 1.3206319  1.3701403  1.35700805 1.3299583
 1.33820917 1.35204148 1.30898146 1.39168673]","[0.06821457 0.09356288 0.0657389  0.10779742 0.06195887 0.06479617
 0.05768963 0.13771923 0.11692339 0.02895345 0.13570434 0.03204534
 0.02462309 0.1222611  0.07280767 0.14025367 0.06989617 0.09527131
 0.11214113 0.1349153  0.12796569 0.06135778 0.07926458 0.11560547
 0.1045981  0.08599192 0.14328377 0.03160402]",ff7sbzen
39,"[1.36108552 1.38464555 1.38183345 1.41421356 1.39410291 1.41421356
 1.3787907  1.30718454 1.18911739 1.4023472  1.37845396 1.29218668
 1.37430754 1.34146087 1.41421356 1.3957817  1.39669573 1.36831458
 1.41421356 1.41421356 1.41421356 1.25677135 1.28058412 1.37261461
 1.41421356 1.33032711 1.41421356 1.30881142]","[0.07372311 0.04137835 0.04526816 0.         0.02823854 0.
 0.0494681  0.14563429 0.29299992 0.01671116 0.04993235 0.1651268
 0.05563939 0.10024137 0.         0.02589673 0.02462052 0.06385761
 0.         0.         0.         0.21026289 0.18005216 0.05796457
 0.         0.11511489 0.         0.14350633]",fo7s5x1o
40,"[1.35087188 1.34205475 1.34952367 1.37728964 1.35053668 1.28077896
 1.32486025 1.3689992  1.35874973 1.40568692 1.34169909 1.37266891
 1.36038981 1.32657582 1.3570389  1.29189338 1.22711547 1.37613105
 1.38221228 1.38443407 1.38789314 1.41421356 1.36446009 1.30641499
 1.37977402 1.2538369  1.36973504 1.3631113 ]","[0.08757258 0.09944452 0.08939293 0.05153663 0.08802534 0.17980263
 0.12237266 0.0629206  0.07689958 0.01202214 0.09992178 0.05789003
 0.07466978 0.12009829 0.07922271 0.16550574 0.24709381 0.05313167
 0.04474461 0.04167116 0.03687632 0.         0.06912433 0.14663993
 0.04811182 0.21394652 0.06191296 0.07096379]",ft6u82q5
41,"[1.30907873 1.32690953 1.350391   1.2542016  1.2785943  1.39954399
 1.23037899 1.23910609 1.29434772 1.28110959 1.29322477 1.41421356
 1.20080871 1.36684699 1.31225633 1.31090393 1.3486391  1.34931975
 1.36940425 1.2986172  1.41421356 1.39821955 1.28543719 1.39953509
 1.25028109 1.39567756 1.30414881 1.39076847]","[0.14315643 0.11965556 0.08822208 0.21348917 0.18259831 0.02063831
 0.24308377 0.23230805 0.16233199 0.1793791  0.16378485 0.
 0.27902922 0.06586465 0.13899166 0.14076545 0.09058629 0.08966811
 0.062366   0.15679669 0.         0.02249104 0.17382562 0.02065076
 0.2183986  0.02604208 0.14959793 0.03288153]",fzqyj3f9
42,"[1.2899728  1.23947655 1.33234989 1.32608495 1.2269083  1.268679
 1.29173637 1.31662788 1.30330354 1.35962751 1.28648063 1.24527533
 1.28315768 1.28809247 1.36717104 1.28308557 1.31256057 1.30374927
 1.36077778 1.34554806 1.35897231 1.30972303 1.38317401 1.35910888
 1.35691582 1.24015089 1.28326666 1.31962592]","[0.16798509 0.23184894 0.11242189 0.12074936 0.24734802 0.19522679
 0.16570857 0.13324552 0.15069994 0.07570652 0.17248379 0.22464468
 0.17675319 0.1704089  0.06542167 0.1768457  0.13859238 0.15011893
 0.07414191 0.09475021 0.07659714 0.1423128  0.04341483 0.07641152
 0.07938972 0.23101289 0.17661334 0.12929371]",g7gmcvts
43,"[1.32604712 1.36581561 1.3485625  1.32689704 1.2311756  1.25494106
 1.27440669 1.32527828 1.29072673 1.36170151 1.34897388 1.29612723
 1.28091888 1.3581936  1.33647306 1.35767848 1.28979802 1.30197436
 1.30833981 1.36074388 1.30197061 1.36213934 1.28004318 1.30987806
 1.36292647 1.28824348 1.33634265 1.37814413]","[0.12079952 0.06727386 0.09068959 0.11967212 0.24210333 0.21256146
 0.18794379 0.12181874 0.16701225 0.0728845  0.09013473 0.1600271
 0.17962341 0.07765507 0.10691988 0.07835457 0.16821054 0.15243139
 0.14412347 0.07418805 0.15243627 0.07228821 0.18074473 0.14210974
 0.07121572 0.17021437 0.10709416 0.05035938]",gcp4ws1h
44,"[1.26504865 1.33012422 1.37318379 1.35132409 1.29932924 1.37170063
 1.32787575 1.30474351 1.34581276 1.35363292 1.34162769 1.37420363
 1.35243754 1.33197935 1.24487512 1.35205117 1.32638944 1.35170536
 1.34219445 1.3770941  1.35134701 1.35882437 1.37083404 1.31937986
 1.35146236 1.37884159 1.39189872 1.37239328]","[0.19982596 0.11538478 0.05718314 0.0869616  0.15587176 0.05921869
 0.11837299 0.14882219 0.09439401 0.08383896 0.10001757 0.05578219
 0.08545634 0.1129155  0.22514297 0.08597882 0.12034553 0.0864463
 0.09925703 0.05180592 0.08693062 0.07679817 0.06040702 0.1296184
 0.08677475 0.04939794 0.03130898 0.05826834]",gdkxx25b
45,"[1.37404609 1.38885916 1.41421356 1.31330883 1.41421356 1.41421356
 1.39335277 1.37989334 1.41421356 1.34717843 1.41421356 1.38282253
 1.32183406 1.41421356 1.36463928 1.35594536 1.39643145 1.38142172
 1.41421356 1.41421356 1.41421356 1.41421356 1.3924897  1.3924897
 1.2710145  1.38615105 1.39164481 1.39164481]","[0.05599867 0.03553512 0.         0.13760996 0.         0.
 0.02928403 0.04794719 0.         0.09255514 0.         0.04390093
 0.12637736 0.         0.06887982 0.0807061  0.02498961 0.04583702
 0.         0.         0.         0.         0.03048622 0.03048622
 0.19226108 0.03929263 0.03166237 0.03166237]",gssd0zh7
46,"[1.36039942 1.30988712 1.31739049 1.36978664 1.34479843 1.3815853
 1.28514998 1.37835809 1.35824033 1.37073414 1.31686909 1.38549877
 1.3629736  1.3021358  1.3701874  1.25710221 1.33890834 1.33990062
 1.33190518 1.27409433 1.19434451 1.31363768 1.33234429 1.32259208
 1.35887701 1.26157037 1.33410942 1.31784789]","[0.07465671 0.14209787 0.13224115 0.06184228 0.09575858 0.04561103
 0.17419476 0.05006449 0.07759161 0.06054396 0.13292791 0.04019658
 0.07115148 0.15222117 0.06129325 0.20984701 0.10366222 0.10233316
 0.1130143  0.18834182 0.2867706  0.13717803 0.11242934 0.12537509
 0.07672664 0.2042201  0.11007603 0.13163847]",i8ugf9rk
47,"[1.41421356 1.33404238 1.41421356 1.37464191 1.36960805 1.41421356
 1.38639326 1.3705176  1.36451311 1.41421356 1.28078346 1.25253214
 1.34643354 1.41421356 1.39626962 1.34571195 1.41421356 1.30028622
 1.32599539 1.40151256 1.36265887 1.36957724 1.33657618 1.34585427
 1.34949991 1.33292809 1.38358097 1.37949842]","[0.         0.11016546 0.         0.05517981 0.0620869  0.
 0.03895686 0.06084076 0.06905198 0.         0.17979686 0.21558162
 0.09355837 0.         0.02521557 0.09452967 0.         0.15462787
 0.12086811 0.01788127 0.0715804  0.06212909 0.10678206 0.09433815
 0.089425   0.11165136 0.04285184 0.04849206]",it0clbqf
48,"[1.37704765 1.32385536 1.33000023 1.22954713 1.35301009 1.32929462
 1.3669673  1.33495085 1.26268004 1.279218   1.30171127 1.29643648
 1.35071142 1.3197956  1.25950118 1.3930631  1.37190329 1.3135725
 1.30032188 1.31669069 1.24539699 1.39060503 1.3333415  1.30360835
 1.3585423  1.32031619 1.40385962 1.38707704]","[0.05186989 0.1237035  0.11554969 0.24410693 0.08468185 0.11648791
 0.0657002  0.10895312 0.20281955 0.18180066 0.15277388 0.15962622
 0.08778932 0.12906978 0.20682839 0.0296876  0.05894068 0.13726364
 0.1545815  0.13316282 0.22449316 0.03310883 0.11110023 0.15030264
 0.07718141 0.12838257 0.01458909 0.03800865]",j7r62b5k
49,"[1.31644807 1.28099898 1.3665742  1.38131649 1.34276291 1.34700017
 1.29230719 1.35438878 1.41421356 1.41421356 1.33016185 1.33333674
 1.31963994 1.41421356 1.39795114 1.41421356 1.29335639 1.38362966
 1.26040216 1.39093845 1.36217252 1.39791383 1.39103409 1.38478497
 1.36493578 1.41421356 1.36301731 1.35664244]","[0.13348224 0.17952081 0.06623748 0.04598238 0.09849389 0.09279527
 0.16497107 0.08281552 0.         0.         0.11533472 0.11110657
 0.12927522 0.         0.02286631 0.         0.16361463 0.04278448
 0.20569319 0.03264512 0.07224301 0.02291846 0.03251208 0.0411853
 0.06847516 0.         0.0710919  0.07976065]",kzlrvd2x
50,"[1.41421356 1.41421356 1.41421356 1.35899529 1.32008144 1.41421356
 1.35006652 1.41421356 1.41421356 1.41421356 1.41421356 1.34055495
 1.3235009  1.41421356 1.41421356 1.41421356 1.41421356 1.41421356
 1.41421356 1.41421356 1.41421356 1.41421356 1.12812074 1.41421356
 1.34817777 1.41421356 1.07599524 1.41421356]","[0.         0.         0.         0.07656591 0.12869249 0.
 0.0886602  0.         0.         0.         0.         0.10145622
 0.12417268 0.         0.         0.         0.         0.
 0.         0.         0.         0.         0.36367179 0.
 0.09120835 0.         0.42111712 0.        ]",l0sf5hnp
51,"[1.34430159 1.37328844 1.38314601 1.40692638 1.30072568 1.39348302
 1.26377093 1.37884063 1.33496114 1.34797284 1.35740652 1.39790709
 1.32832016 1.40673566 1.3921688  1.36174773 1.39651509 1.36845444
 1.38223825 1.37776794 1.38380381 1.33979683 1.37444675 1.35036321
 1.3650161  1.38746588 1.37427205 1.33225021]","[0.09642662 0.05703942 0.04345356 0.01027908 0.15405635 0.02910254
 0.20144152 0.04939926 0.10893938 0.0914846  0.07872377 0.02292789
 0.11778277 0.01054739 0.03093302 0.07282156 0.0248728  0.06366622
 0.0447087  0.05087776 0.0425435  0.10247223 0.05544806 0.0882596
 0.06836553 0.03746921 0.05568817 0.11255468]",l4ycuiz7
52,"[1.3531541  1.34963795 1.32264331 1.41421356 1.3759432  1.39196415
 1.41421356 1.41421356 1.36855883 1.30046307 1.35536171 1.34614495
 1.38653013 1.41421356 1.41421356 1.41421356 1.41421356 1.41421356
 1.35703444 1.31936058 1.3975179  1.37503046 1.3804027  1.41421356
 1.37281425 1.37920151 1.3909815  1.41421356]","[0.08448698 0.0892387  0.12530734 0.         0.05339016 0.0312179
 0.         0.         0.06352337 0.1543979  0.08149732 0.09394689
 0.0387671  0.         0.         0.         0.         0.
 0.07922877 0.12964383 0.02347186 0.05464562 0.04724419 0.
 0.05769052 0.0489016  0.03258523 0.        ]",l7z1rc6m
53,"[1.31902723 1.34886866 1.26295975 1.3629233  1.29135684 1.35047211
 1.33745953 1.3811494  1.34750148 1.39701246 1.32639439 1.36324283
 1.35343695 1.29116779 1.32008    1.31123898 1.36785262 1.35167381
 1.34023484 1.29861188 1.34053388 1.3073501  1.31687615 1.32919546
 1.34805304 1.33005311 1.27522501 1.31680339]","[0.13008358 0.09027667 0.20246634 0.07122004 0.16619875 0.08811254
 0.105601   0.04621317 0.09211988 0.0241781  0.12033896 0.07078449
 0.08410422 0.16644287 0.12869439 0.14032618 0.06448961 0.08648895
 0.10188528 0.15680359 0.10148446 0.14541786 0.13291861 0.11661972
 0.0913765  0.11547936 0.18690059 0.13301442]",lgaiukif
54,"[1.34505951 1.28655046 1.35662967 1.34732967 1.2864737  1.40419624
 1.39107059 1.38942654 1.379661   1.32514995 1.24702755 1.39593025
 1.39806567 1.4035302  1.3777035  1.41421356 1.41421356 1.41421356
 1.33921266 1.39811517 1.34233635 1.41421356 1.20250775 1.38431101
 1.37030175 1.40166228 1.31822175 1.3896524 ]","[0.09540746 0.17239395 0.07977797 0.09235138 0.17249271 0.01411647
 0.0324613  0.03474694 0.04826776 0.1219888  0.22246114 0.02568937
 0.02270619 0.01505148 0.05096653 0.         0.         0.
 0.10325472 0.02263699 0.09906656 0.         0.27698756 0.04184152
 0.06113655 0.01767142 0.13114571 0.0344331 ]",lsyku5px
55,"[1.31050826 1.36445799 1.36047202 1.37881766 1.36383237 1.36641087
 1.36713489 1.32448116 1.22004785 1.31853769 1.31347619 1.2646587
 1.25283251 1.32555757 1.30854059 1.33310047 1.30272929 1.36877876
 1.30186887 1.30499204 1.27687307 1.2842152  1.32951414 1.35254848
 1.37664451 1.30905628 1.33940726 1.3217848 ]","[0.14128405 0.0691272  0.07455794 0.04943093 0.06998063 0.06646067
 0.06547109 0.12287483 0.25574162 0.13072918 0.13739014 0.20031919
 0.21520535 0.12144857 0.14386076 0.11142157 0.1514482  0.06322235
 0.15256872 0.14849788 0.18479758 0.17539566 0.11619607 0.0853063
 0.05242495 0.14318583 0.10299409 0.12644247]",n2geu19i
56,"[1.20902686 1.19862085 1.24079043 1.28324771 1.20683625 1.2356801
 1.1146011  1.25907582 1.23432812 1.3005187  1.21871412 1.25950396
 1.22997046 1.2532417  1.24568473 1.23561555 1.25691121 1.28772027
 1.31546719 1.2490749  1.285815   1.33631944 1.28735351 1.33424953
 1.34066456 1.27303487 1.28170189 1.30196547]","[0.26912703 0.28165403 0.23021956 0.17663766 0.27177313 0.23654734
 0.37883219 0.20736404 0.23821704 0.15432555 0.25736795 0.20682488
 0.24358633 0.21469262 0.22413478 0.23662711 0.21008711 0.17088825
 0.13477304 0.21990594 0.17333989 0.10712518 0.17136048 0.10988909
 0.10130926 0.18969111 0.17862013 0.15244296]",no64afbg
57,"[1.31132472 1.34459583 1.38704352 1.36200315 1.29801765 1.24631871
 1.36699013 1.36482841 1.3277556  1.37175622 1.35145447 1.36159025
 1.35276973 1.41421356 1.38390464 1.32356723 1.36262236 1.40757716
 1.41421356 1.32105327 1.41421356 1.25934021 1.37577031 1.31883975
 1.36737714 1.34731432 1.35185278 1.36420433]","[0.14021374 0.09603103 0.03805514 0.07247371 0.15757509 0.22334484
 0.06566899 0.0686217  0.11853253 0.05914244 0.08678541 0.07303599
 0.08500703 0.         0.04240398 0.12408489 0.07163015 0.00936326
 0.         0.12740913 0.         0.20703111 0.05362803 0.13033086
 0.06513987 0.09237207 0.08624703 0.06947327]",nyutens9
58,"[1.41421356 1.3296342  1.41421356 1.41421356 1.19479845 1.29592107
 1.41421356 1.41421356 1.41421356 1.33806209 1.41421356 1.41421356
 1.41421356 1.41421356 1.41421356 1.19666954 1.17185436 1.41421356
 1.41421356 1.41421356 1.41421356 1.41421356 1.41421356 1.41421356
 1.41421356 1.19882573 1.41421356 1.41421356]","[0.         0.11603645 0.         0.         0.28622833 0.1602943
 0.         0.         0.         0.10479492 0.         0.
 0.         0.         0.         0.28399101 0.31337868 0.
 0.         0.         0.         0.         0.         0.
 0.         0.28140843 0.         0.        ]",oq55iqyd
59,"[1.26622817 1.30124444 1.40891157 1.3759721  1.27901256 1.31366633
 1.28436784 1.33599499 1.35370485 1.35915226 1.29135021 1.26949576
 1.29532064 1.365003   1.30623554 1.30364818 1.32490827 1.34685746
 1.38667455 1.29529513 1.33250248 1.39941518 1.33506336 1.32264965
 1.33567983 1.24864529 1.23359092 1.23838327]","[0.19833311 0.15338146 0.0074841  0.05335039 0.18206344 0.13714038
 0.17519963 0.1075587  0.08374159 0.07635257 0.16620732 0.19419026
 0.16107222 0.06838341 0.14687436 0.15025072 0.12230903 0.09298749
 0.03856685 0.16110526 0.11221857 0.02081858 0.10880291 0.12529896
 0.1079797  0.22044247 0.23912672 0.23320344]",p8443ps0
60,"[1.41421356 1.41421356 1.41421356 1.37701576 1.3677969  1.38376078
 1.30129997 1.41421356 1.36289872 1.41421356 1.39305016 1.37277645
 1.32421986 1.36463136 1.41421356 1.41421356 1.41421356 1.41421356
 1.41421356 1.3743217  1.39927969 1.41421356 1.34465671 1.32164897
 1.24271656 1.33984864 1.38740668 1.41421356]","[0.         0.         0.         0.0519138  0.06456583 0.04260305
 0.15330919 0.         0.07125353 0.         0.02970563 0.0577424
 0.12322089 0.06889062 0.         0.         0.         0.
 0.         0.05561994 0.02100818 0.         0.09594916 0.126622
 0.22782777 0.10240281 0.03755135 0.        ]",pdlodtah
61,"[1.40060054 1.36822907 1.35330506 1.41421356 1.37883    1.41421356
 1.29117571 1.39555082 1.37762585 1.37673225 1.32853269 1.37344433
 1.33475321 1.37942351 1.35927068 1.36556041 1.38852987 1.38458866
 1.39517405 1.26658612 1.29774879 1.29470406 1.30257418 1.40013673
 1.39798705 1.27815569 1.24478963 1.34918375]","[0.01915906 0.06397461 0.0842827  0.         0.04941392 0.
 0.16643265 0.02621895 0.05107351 0.05230415 0.11750044 0.05682534
 0.10921694 0.0485954  0.07619161 0.06762239 0.0359924  0.04145713
 0.02674469 0.1978798  0.15792404 0.1618707  0.15165025 0.01980857
 0.02281611 0.18315901 0.22524939 0.0898516 ]",q9awns0p
62,"[1.28442008 1.41421356 1.36859666 1.37952922 1.41421356 1.41421356
 1.38288511 1.37948331 1.41421356 1.3813866  1.33245438 1.41421356
 1.32128166 1.41421356 1.3928106  1.38192834 1.41421356 1.31988409
 1.41421356 1.41421356 1.36057029 1.41421356 1.41421356 1.41421356
 1.20729579 1.33068547 1.37815797 1.31302059]","[0.17513253 0.         0.06347159 0.04844957 0.         0.
 0.04381439 0.0485129  0.         0.04588553 0.11228266 0.
 0.12710739 0.         0.03003932 0.04513704 0.         0.12895299
 0.         0.         0.07442425 0.         0.         0.
 0.27121844 0.11463809 0.05034031 0.13798847]",qdolnbxs
63,"[1.36509475 1.32051825 1.40646943 1.36262912 1.35340277 1.3783183
 1.37531239 1.28111612 1.38904323 1.3153251  1.34528689 1.35778347
 1.29761387 1.37962664 1.31317459 1.33984618 1.36179398 1.331989
 1.38887535 1.38604872 1.38999107 1.38405561 1.29894097 1.34963114
 1.29303173 1.36609708 1.25696549 1.38087137]","[0.06825816 0.12811578 0.01092188 0.07162095 0.08415047 0.05011933
 0.05425792 0.17937075 0.03527945 0.13495995 0.09510159 0.07821202
 0.15809912 0.04831517 0.13778625 0.1024061  0.07275858 0.11290265
 0.03551263 0.03943447 0.03396241 0.04219503 0.15637618 0.0892479
 0.16403447 0.06688938 0.21001887 0.04659713]",qr8agwsq
64,"[1.23992876 1.23424658 1.26490855 1.27110878 1.17051523 1.37368844
 1.31429783 1.22846706 1.27335045 1.1696321  1.08586587 1.33613293
 1.21472785 1.33318592 1.29253346 1.21071783 1.36436138 1.27773365
 1.30330266 1.26301713 1.33294772 1.32298879 1.16056365 1.36876562
 1.33617944 1.33909599 1.24540903 1.31663489]","[0.23128833 0.23831769 0.20000318 0.19214124 0.31494705 0.05649004
 0.1363106  0.24543434 0.18928931 0.31598038 0.41044766 0.10737439
 0.26221813 0.11130766 0.16467863 0.26708116 0.06925901 0.18369836
 0.15070109 0.20239387 0.11162519 0.12485033 0.32654601 0.06324035
 0.10731226 0.10341096 0.22447818 0.13323629]",r6gltob9
65,"[1.2645649  1.33445212 1.39718199 1.31632017 1.25801686 1.39249919
 1.26184209 1.32797394 1.32100076 1.27097749 1.31645234 1.41421356
 1.37672596 1.41421356 1.35279739 1.11082213 1.41421356 1.41421356
 1.31668238 1.32063022 1.41421356 1.357887   1.32057179 1.41421356
 1.33865886 1.41421356 1.41421356 1.41421356]","[0.2004378  0.10961878 0.02394125 0.13365061 0.20869679 0.03047301
 0.20387726 0.11824261 0.1274785  0.19230811 0.13347662 0.
 0.05231282 0.         0.0849696  0.3830371  0.         0.
 0.13317376 0.12796791 0.         0.07807145 0.12804507 0.
 0.10399623 0.         0.         0.        ]",suia995m
66,"[1.31037707 1.18415141 1.34043534 1.34420212 1.34558403 1.33897354
 1.34840269 1.28073976 1.25545396 1.26896664 1.30331413 1.34481126
 1.26342435 1.22965922 1.28513997 1.33082787 1.27918361 1.29956024
 1.22689271 1.25959468 1.17038762 1.25974179 1.32883658 1.33408683
 1.21970235 1.15279742 1.33386385 1.31730986]","[0.14145597 0.29889271 0.10161655 0.09656033 0.0947018  0.10357492
 0.09090509 0.17985284 0.21191768 0.19486183 0.15068614 0.09574134
 0.20187945 0.2439691  0.17420763 0.11444859 0.18184464 0.15557159
 0.24736714 0.20671062 0.31509641 0.20652532 0.11709667 0.11010616
 0.25616309 0.33552905 0.11040361 0.13234737]",syy20boc
67,"[1.31013915 1.30066152 1.41421356 1.3839327  1.2854203  1.39423575
 1.32960287 1.33849414 1.33245954 1.36479142 1.11615826 1.31295758
 1.34593738 1.38140296 1.40734946 1.37221905 1.3901883  1.3383392
 1.39540311 1.36951034 1.3991136  1.34907145 1.36325887 1.39922544
 1.40066721 1.31848956 1.38331741 1.29251208]","[0.14176771 0.1541398  0.         0.04236514 0.17384732 0.02805334
 0.1160781  0.10421672 0.11227579 0.0686722  0.37709537 0.13807119
 0.09422629 0.04586293 0.00968374 0.05850743 0.03368825 0.10442409
 0.02642509 0.06222071 0.02124057 0.09000311 0.07076263 0.02108409
 0.01906569 0.13079264 0.04321646 0.16470626]",szngczd2
68,"[1.24007114 1.37245772 1.39540293 1.37669585 1.39807326 1.34408753
 1.40443336 1.3955644  1.35692496 1.29975438 1.26094825 1.31015678
 1.37636459 1.36238337 1.38270473 1.39179537 1.40008189 1.38746442
 1.327275   1.35587039 1.36888057 1.28614914 1.35965899 1.33711815
 1.36343219 1.29020156 1.36831591 1.40699827]","[0.23111178 0.0581799  0.02642533 0.05235427 0.02269558 0.09671436
 0.01378348 0.0262     0.07937733 0.15531928 0.20500476 0.14174461
 0.05281026 0.07195578 0.04406381 0.03145282 0.01988535 0.03747125
 0.11917054 0.08080774 0.063083   0.17291019 0.07566372 0.10605752
 0.07052633 0.16768996 0.06385578 0.01017793]",t4q1uam7
69,"[1.2472434  1.3105189  1.22173352 1.20794877 1.26630816 1.25942834
 1.27589163 1.26913498 1.2587416  1.19095413 1.28151739 1.28134763
 1.2878904  1.34198489 1.35546908 1.34797151 1.33410549 1.3581984
 1.17990371 1.3054547  1.22725646 1.28989011 1.27790298 1.26217721
 1.23605498 1.289697   1.35216241 1.29821839]","[0.22219196 0.1412701  0.25368361 0.27042988 0.19823183 0.20692013
 0.18605027 0.1946482  0.20778479 0.29081413 0.17885659 0.17907412
 0.17066916 0.09953828 0.08135179 0.09148641 0.11008126 0.07764855
 0.30391361 0.14789401 0.24692079 0.16809175 0.18348199 0.20345435
 0.23608404 0.16834083 0.0858284  0.1573145 ]",ty2yznzp
70,"[1.40124616 1.41421356 1.40113688 1.4045412  1.35798803 1.4070553
 1.4049042  1.34816793 1.3914919  1.36291197 1.37797568 1.37639631
 1.39805404 1.41421356 1.36519475 1.41421356 1.41421356 1.41421356
 1.39728063 1.40220882 1.40169039 1.3979177  1.38724167 1.38607031
 1.40216371 1.39428465 1.40566637 1.40529774]","[0.0182546  0.         0.01840772 0.013632   0.07793425 0.0100977
 0.01312209 0.09122162 0.03187514 0.07123549 0.05059152 0.05276659
 0.02272246 0.         0.06812165 0.         0.         0.
 0.02380342 0.01690522 0.01763202 0.02291305 0.03778027 0.03940455
 0.01696847 0.02798516 0.01205102 0.01256913]",ua32y4cb
71,"[1.37561921 1.3607576  1.35894223 1.38884364 1.36391137 1.37154447
 1.40362741 1.37391336 1.35095217 1.36851917 1.37833411 1.38326397
 1.37982618 1.38703085 1.40025375 1.27824244 1.35719122 1.41421356
 1.36958242 1.37289278 1.34687395 1.4024344  1.34864811 1.37279666
 1.41421356 1.39597366 1.36496251 1.41421356]","[0.0538359  0.07416938 0.076638   0.03555668 0.06987288 0.05943289
 0.01491504 0.05618103 0.08746411 0.06357764 0.05009754 0.0432904
 0.04803986 0.03807272 0.01964472 0.18304813 0.07901599 0.
 0.06212199 0.05758271 0.09296528 0.01658887 0.09057414 0.05771467
 0.         0.02562877 0.06843867 0.        ]",uasu7q0z
72,"[1.35792094 1.31413196 1.37954337 1.36806725 1.32599599 1.29460098
 1.31173436 1.34006581 1.37641465 1.39160797 1.38007319 1.34336779
 1.33360262 1.33062282 1.28146676 1.37486507 1.3313964  1.31911928
 1.36819025 1.35912895 1.36318254 1.36266131 1.32537847 1.36021162
 1.3389006  1.35834298 1.31443195 1.24559463]","[0.07802536 0.1365286  0.04843005 0.06419601 0.12086731 0.16200415
 0.13967648 0.10211182 0.05274136 0.03171363 0.047699   0.09768149
 0.11075203 0.11472146 0.17892147 0.05487302 0.11369181 0.12996217
 0.06402772 0.07638424 0.07086668 0.07157707 0.12168596 0.07491217
 0.10367259 0.07745217 0.13613432 0.22424701]",uh4csmkb
73,"[1.3007456  1.21987116 1.28115197 1.41421356 1.21401622 1.36537348
 1.3505579  1.33327545 1.30193835 1.41421356 1.3875166  1.40059626
 1.32873466 1.29216469 1.41421356 1.41421356 1.36721528 1.38960572
 1.22453382 1.40275731 1.3630775  1.41421356 1.41421356 1.33155431
 1.41421356 1.41421356 1.36819572 1.41421356]","[0.15403044 0.25595718 0.17932482 0.         0.26308231 0.06787763
 0.08799668 0.11118828 0.15247827 0.         0.03739885 0.01916507
 0.11723211 0.16515521 0.         0.         0.06536119 0.03449797
 0.25025846 0.01613596 0.07100987 0.         0.         0.11348157
 0.         0.         0.06402024 0.        ]",umpbyicl
74,"[1.33730127 1.35041644 1.34384539 1.26993276 1.33026606 1.34460292
 1.24210887 1.3598345  1.37070642 1.34183317 1.28299005 1.33192065
 1.23376376 1.29843713 1.34938193 1.36629084 1.3610511  1.31131768
 1.34985527 1.3509558  1.27926138 1.26638495 1.33802451 1.35760125
 1.24887034 1.29675514 1.28450773 1.30350959]","[0.10581265 0.08818771 0.09703978 0.19363539 0.1151961  0.0960215
 0.22858277 0.07542507 0.06058196 0.09974188 0.17696826 0.1129937
 0.23891349 0.1570305  0.0895842  0.06662468 0.07376995 0.14022298
 0.08894538 0.08745921 0.18174516 0.19813458 0.10484521 0.07845942
 0.22016144 0.15921305 0.17501994 0.15043137]",uto97k5h
75,"[1.31371783 1.27653034 1.28947091 1.35856568 1.26240943 1.36566139
 1.26800323 1.34185827 1.26157074 1.33011987 1.33275768 1.25112507
 1.27842847 1.32309851 1.35214608 1.34901467 1.36333024 1.34152094
 1.33054303 1.26810352 1.20830141 1.27821408 1.38953679 1.35042023
 1.25815456 1.36193732 1.34196016 1.3083022 ]","[0.13707273 0.18523514 0.16863238 0.07714964 0.20316122 0.06748448
 0.1960839  0.09970819 0.20421963 0.11539057 0.11187848 0.21734303
 0.18281033 0.12470516 0.08585049 0.09007971 0.07066533 0.10016079
 0.11482763 0.19595673 0.27000385 0.18308439 0.03459375 0.0881826
 0.20852355 0.07256337 0.09957147 0.14417268]",v0vg2kj7
76,"[1.34383986 1.29166722 1.37537665 1.27512534 1.27662839 1.35420005
 1.33958432 1.35888668 1.35264365 1.35619058 1.2342633  1.36881614
 1.31249934 1.38747888 1.27553688 1.24927901 1.35882424 1.32965929
 1.36635721 1.284761   1.34734756 1.37473881 1.32954232 1.36507131
 1.32192934 1.38603611 1.25209378 1.33519555]","[0.09704722 0.16579789 0.05416954 0.18702768 0.18510997 0.08307111
 0.10275692 0.0767135  0.08517757 0.08037356 0.23829705 0.06317119
 0.13867274 0.03745118 0.18650284 0.21965098 0.07679835 0.11600309
 0.06653399 0.17469459 0.09232728 0.0550466  0.11615861 0.06829015
 0.12625141 0.03945195 0.21613058 0.10862642]",v1msogty
77,"[1.41421356 1.34192957 1.3892587  1.41421356 1.32007109 1.39393981
 1.39172009 1.41421356 1.39559817 1.37840887 1.32481337 1.41421356
 1.41421356 1.34414363 1.41421356 1.38206075 1.41421356 1.41421356
 1.36791337 1.26406087 1.32213426 1.30059262 1.32243008 1.30481757
 1.29237867 1.3488549  1.32075683 1.35134616]","[0.         0.09961252 0.03498013 0.         0.12870615 0.02846591
 0.0315576  0.         0.02615288 0.0499945  0.12243477 0.
 0.         0.09663896 0.         0.04495405 0.         0.
 0.06440651 0.20107506 0.1259805  0.15422942 0.12558934 0.14872556
 0.16487869 0.09029523 0.1278007  0.08693177]",v4vf1g92
78,"[1.40204377 1.40024726 1.34031191 1.3232488  1.35120957 1.38001131
 1.34467911 1.40117992 1.31734081 1.34592192 1.38015277 1.3575796
 1.3965469  1.33104072 1.37148771 1.32678357 1.34809922 1.37665912
 1.38292964 1.35639226 1.35159504 1.36047399 1.32364556 1.37614443
 1.34940919 1.3480162  1.23920356 1.33959347]","[0.01713663 0.01965381 0.10178199 0.12450631 0.08711634 0.04778439
 0.09591904 0.01834742 0.13230659 0.09424709 0.04758916 0.07848882
 0.02482838 0.1141653  0.05951073 0.11982269 0.09131425 0.05240484
 0.04375281 0.08010002 0.08659542 0.07455527 0.12398122 0.05311326
 0.08954741 0.09142616 0.23218727 0.10274467]",v7er47fs
79,"[1.10333467 1.374393   1.41421356 1.41421356 1.38640411 1.35889216
 1.41421356 1.37917244 1.41421356 1.41421356 1.36480536 1.36556572
 1.41421356 1.41421356 1.41421356 1.41421356 1.36666738 1.41421356
 1.41421356 1.41421356 1.41421356 1.27302061 1.35359674 1.41421356
 1.41421356 1.41421356 1.41421356 1.41421356]","[0.3913263  0.05552194 0.         0.         0.03894182 0.07670604
 0.         0.04894169 0.         0.         0.06865316 0.06761514
 0.         0.         0.         0.         0.06611014 0.
 0.         0.         0.         0.18970927 0.08388793 0.
 0.         0.         0.         0.        ]",v8e6pplm
80,"[1.14267984 1.41421356 1.41421356 1.41421356 1.41421356 1.41421356
 1.41421356 1.41421356 1.41421356 1.41421356 1.21942931 1.41421356
 1.41421356 1.32521942 1.41421356 1.41421356 1.41421356 1.32247955
 1.41421356 1.41421356 1.26637966 1.33935201 1.41421356 1.41421356
 1.30697345 1.41421356 1.41421356 1.26171534]","[0.34714139 0.         0.         0.         0.         0.
 0.         0.         0.         0.         0.25649607 0.
 0.         0.12189675 0.         0.         0.         0.12552392
 0.         0.         0.19814128 0.1030681  0.         0.
 0.1459102  0.         0.         0.2040372 ]",vavxr67w
81,"[1.20660104 1.27838965 1.28254525 1.30813427 1.38376894 1.37697985
 1.29845339 1.29742123 1.28978283 1.274863   1.27154555 1.39921233
 1.25063923 1.34136954 1.36562936 1.40042994 1.3950512  1.33345952
 1.30286539 1.38249983 1.35412576 1.30067078 1.37936588 1.38075197
 1.34072677 1.31728543 1.3623341  1.36933631]","[0.27205697 0.18285995 0.17753884 0.14439237 0.04259175 0.05196325
 0.15700939 0.15834908 0.16823013 0.18736217 0.19158596 0.02110243
 0.21795075 0.10036388 0.06752823 0.019398   0.02691607 0.11094285
 0.15127088 0.04434711 0.08317171 0.15412776 0.04867489 0.046762
 0.10122586 0.13237955 0.0720229  0.06245904]",vbr4ykbh
82,"[1.29263993 1.30460082 1.26539789 1.28516589 1.24436512 1.33855393
 1.29606896 1.36092134 1.37745385 1.37646182 1.3465973  1.37771102
 1.34173915 1.34605109 1.23318678 1.36918215 1.38737595 1.33796699
 1.25896873 1.31345999 1.29532126 1.28807664 1.285624   1.28971808
 1.3131024  1.31418059 1.29182479 1.36086321]","[0.164541   0.14900835 0.19938409 0.17417432 0.22577772 0.10413669
 0.16010262 0.07394655 0.05131045 0.05267643 0.09333786 0.05095617
 0.09986803 0.09407323 0.23962519 0.06267012 0.03759398 0.10492217
 0.20749887 0.13741142 0.16107142 0.17042928 0.17358546 0.16831364
 0.13788104 0.13646469 0.16559435 0.07402566]",vcxktu9d
83,"[1.39437126 1.32464852 1.37545754 1.40033922 1.40284617 1.32887396
 1.24016261 1.28253507 1.27253363 1.31880464 1.38702044 1.3687996
 1.35897609 1.30412231 1.35069272 1.4006467  1.3847496  1.32355457
 1.36028706 1.36605071 1.36229912 1.33655989 1.35497667 1.36600058
 1.40846269 1.31727292 1.39275486 1.37537135]","[0.02786439 0.12265315 0.05405828 0.01952503 0.01601131 0.11704699
 0.23099836 0.1775519  0.19032908 0.13037716 0.03808715 0.06319382
 0.07659199 0.1496325  0.08781459 0.0190944  0.04123428 0.12410165
 0.07480955 0.06695272 0.07207056 0.10680383 0.08201911 0.06702121
 0.00811643 0.13239603 0.03011695 0.05417682]",vd9idbqc
84,"[1.24023214 1.2478277  1.30243332 1.29174607 1.19979515 1.31713357
 1.32184945 1.27394976 1.28571777 1.29883944 1.14149457 1.25824326
 1.29480809 1.35450358 1.30781665 1.2949465  1.34411388 1.37034624
 1.35728775 1.27282011 1.33965339 1.34536286 1.31795703 1.33025674
 1.34319243 1.25179071 1.35026423 1.37346049]","[0.23091212 0.22146301 0.15183372 0.16569605 0.2802458  0.13257958
 0.12635701 0.18852601 0.17346491 0.15650805 0.34849507 0.20841195
 0.16173601 0.08266003 0.1448078  0.16155678 0.09667893 0.06107559
 0.07888498 0.18996448 0.1026644  0.09499938 0.13149464 0.11520851
 0.09791705 0.21651    0.08839325 0.05680314]",vg7u1mhi
85,"[1.32816208 1.38950741 1.37730823 1.39067483 1.14572164 1.39868025
 1.39642883 1.38961607 1.38847976 1.31735923 1.32633435 1.30521856
 1.39689904 1.38242916 1.3550882  1.33137469 1.40328505 1.38946112
 1.40228713 1.38783379 1.35167497 1.36952886 1.3967698  1.39186022
 1.39063074 1.41421356 1.38924035 1.40264185]","[0.11799274 0.03463458 0.05151102 0.03301176 0.34366096 0.02184677
 0.02499327 0.03448359 0.03606198 0.13228233 0.1204186  0.14820226
 0.02433653 0.04444481 0.08186798 0.11372072 0.01539553 0.0346989
 0.01679541 0.03695868 0.08648738 0.06219535 0.02451706 0.03136257
 0.03307307 0.         0.03500563 0.01629792]",vioatqkm
86,"[1.31148404 1.2847561  1.30013727 1.2418715  1.22017539 1.23976468
 1.32339841 1.32235442 1.22849454 1.31802186 1.32721769 1.34172213
 1.34289775 1.33299901 1.30304191 1.31376038 1.28705098 1.3439657
 1.2541891  1.25619517 1.2960072  1.28676209 1.17691842 1.25847533
 1.33070112 1.23028057 1.3048528  1.29567642]","[0.1400048  0.17470088 0.15482154 0.22887759 0.255586   0.23149177
 0.12430832 0.1256894  0.24540059 0.13140919 0.1192466  0.09989087
 0.09831282 0.11155681 0.15104089 0.13701683 0.17174989 0.0968781
 0.21350484 0.21098685 0.16018267 0.17212167 0.30743152 0.20811992
 0.11461726 0.24320486 0.14867958 0.1606113 ]",vm0nj2sw
87,"[1.23502296 1.22713957 1.28129032 1.28652343 1.29329049 1.24139118
 1.30217634 1.25964134 1.20552967 1.29686367 1.18610941 1.27958162
 1.31262391 1.27889883 1.32620751 1.28608852 1.23927709 1.3570252
 1.26128276 1.27819603 1.27903544 1.35411786 1.34100181 1.29446801
 1.34963522 1.31782229 1.32028169 1.34325519]","[0.23735914 0.24706424 0.17914755 0.17242874 0.16369986 0.22947397
 0.15216839 0.20665185 0.27334911 0.15907231 0.29657224 0.18133545
 0.13850924 0.1822089  0.12058681 0.17298816 0.23209614 0.0792413
 0.2045829  0.18310745 0.18203418 0.08318241 0.10085707 0.16217629
 0.08924239 0.1316722  0.12842813 0.09783275]",vpn2ozx3
88,"[1.38961829 1.37163003 1.35760602 1.39217518 1.40309033 1.41421356
 1.41421356 1.34898974 1.39869047 1.38059367 1.39728    1.41421356
 1.41421356 1.41421356 1.41421356 1.36665635 1.41421356 1.41421356
 1.36876777 1.39137243 1.41421356 1.41421356 1.36458879 1.41421356
 1.41421356 1.41421356 1.41421356 1.41421356]","[0.0344805  0.05931553 0.07845295 0.03092413 0.01566876 0.
 0.         0.09011334 0.02183249 0.04698056 0.0238043  0.
 0.         0.         0.         0.06612521 0.         0.
 0.0632374  0.03204138 0.         0.         0.06894871 0.
 0.         0.         0.         0.        ]",w4q5g7q9
89,"[1.2700518  1.35469322 1.38486362 1.34260635 1.25938936 1.26194517
 1.37256801 1.3445907  1.41421356 1.36624778 1.32249555 1.34689341
 1.3975127  1.37653073 1.38938672 1.37282534 1.34798394 1.41421356
 1.30982155 1.39464721 1.41421356 1.41421356 1.36350502 1.3291278
 1.41421356 1.29005837 1.24605141 1.35356526]","[0.19348421 0.08240313 0.04107638 0.0987041  0.20696922 0.2037472
 0.05802853 0.09603793 0.         0.06668351 0.12550276 0.09293907
 0.02347913 0.05258157 0.03480227 0.0576753  0.09146964 0.
 0.14218375 0.02747957 0.         0.         0.07042702 0.11670964
 0.         0.1678747  0.22367794 0.08393055]",wijj2zsc
90,"[1.31298432 1.21008165 1.34343069 1.33766367 1.25606069 1.33323841
 1.35326587 1.32371082 1.28637049 1.29606395 1.31079856 1.26758618
 1.27292937 1.25318204 1.33456298 1.31586236 1.29369349 1.32113497
 1.3074074  1.32934286 1.2473927  1.24201753 1.34319392 1.37055257
 1.32814363 1.2740157  1.34183966 1.30759925]","[0.13803609 0.2678512  0.09759699 0.10532795 0.21115577 0.11123767
 0.08433574 0.12389484 0.17262548 0.16010913 0.14090357 0.19661264
 0.18982542 0.21476739 0.10947083 0.13425312 0.16317858 0.12730119
 0.14534294 0.11642379 0.22200573 0.22869622 0.09791504 0.06079282
 0.11801725 0.188442   0.09973317 0.1450921 ]",wnfqeae3
91,"[1.30486541 1.30258123 1.3479246  1.31465429 1.24521939 1.30700608
 1.28298641 1.2907954  1.27953337 1.2990722  1.20000258 1.2371947
 1.22380002 1.33472413 1.27429789 1.20913441 1.26261741 1.26830279
 1.35251713 1.30999639 1.27722556 1.32057842 1.23973599 1.24532197
 1.27285538 1.2512104  1.27089023 1.25764057]","[0.14866313 0.15164107 0.09154964 0.13584205 0.22471433 0.14586756
 0.17697294 0.16692361 0.18139718 0.15620571 0.2799969  0.23467464
 0.25115675 0.10925574 0.18808244 0.26899698 0.20289864 0.19570402
 0.08534871 0.14195473 0.18434743 0.12803632 0.23152734 0.22458659
 0.18991959 0.21723626 0.19241901 0.2091701 ]",xz9lmzr1
92,"[1.29879806 1.30056671 1.36049563 1.32113711 1.29314336 1.29381059
 1.29184316 1.30904046 1.2848336  1.22949344 1.23359886 1.30093587
 1.25443589 1.31926428 1.32054596 1.31188444 1.20644659 1.2911328
 1.35989241 1.30897325 1.32411712 1.33343508 1.2260107  1.18705445
 1.2096086  1.22964545 1.1694408  1.22533908]","[0.1565618  0.15426311 0.07452582 0.12729837 0.16389013 0.16302707
 0.16557063 0.14320654 0.17460131 0.24417294 0.23911692 0.15378293
 0.2131953  0.12977088 0.12807919 0.13947961 0.27224331 0.16648805
 0.07534632 0.14329451 0.12335692 0.11097544 0.24844888 0.29545086
 0.26842351 0.24398603 0.3162041  0.24927207]",yq9g7cr4
93,"[1.35486274 1.390449   1.283302   1.38107508 1.34446627 1.41421356
 1.36981697 1.36158336 1.21028872 1.33959138 1.37704103 1.37238336
 1.3673906  1.39935352 1.35257766 1.37888879 1.41421356 1.3918487
 1.37942665 1.37130067 1.41421356 1.35802949 1.27029841 1.38798334
 1.3059192  1.41421356 1.38227522 1.38347295]","[0.08217348 0.03332579 0.17656798 0.04631581 0.09620522 0.
 0.06180074 0.07304538 0.2676006  0.10274746 0.051879   0.05828196
 0.06512147 0.02090487 0.08526684 0.04933285 0.         0.0313786
 0.04859105 0.05976724 0.         0.07787796 0.19317098 0.03675113
 0.14728752 0.         0.0446576  0.0430013 ]",yzsw2b7a
94,"[1.21509729 1.28129613 1.29844213 1.28721451 1.27790127 1.23040349
 1.29532899 1.27573674 1.29322733 1.29443287 1.16263865 1.25709879
 1.29268982 1.27401255 1.29165568 1.22430862 1.28620668 1.32584996
 1.21478744 1.1974442  1.17740977 1.31295557 1.22443722 1.18905266
 1.25052163 1.18283388 1.25872813 1.26214958]","[0.26176929 0.17914011 0.15702402 0.1715394  0.18348417 0.24305363
 0.16106141 0.18624788 0.16378154 0.16222177 0.32413569 0.20985131
 0.16447652 0.18844601 0.1658128  0.2505342  0.17283619 0.12106095
 0.26214574 0.28306369 0.30685311 0.13807384 0.25037675 0.29307689
 0.21809782 0.300452   0.20780174 0.20348922]",zatfknoo
95,"[1.38506659 1.33723801 1.36186745 1.30688568 1.34743199 1.34257208
 1.38282545 1.37364215 1.36043833 1.36609516 1.34802009 1.34326584
 1.36712552 1.37184065 1.39923399 1.35262239 1.34925043 1.39272946
 1.37583911 1.22940602 1.30923919 1.3598846  1.35149354 1.35416112
 1.40763954 1.25951033 1.36230758 1.35692219]","[0.04079527 0.10589725 0.07265853 0.14602491 0.09221352 0.0987501
 0.04389688 0.05655363 0.07460378 0.06689201 0.09142092 0.09781844
 0.06548391 0.05902661 0.02107213 0.08520633 0.08976164 0.03015233
 0.05353337 0.24428042 0.14294637 0.07535694 0.0867326  0.08312383
 0.00927546 0.20681686 0.07205903 0.07938109]",5cx8xebo
96,"[1.39190725 1.38259226 1.34534957 1.35962993 1.38268616 1.38722617
 1.38078234 1.39567854 1.37800466 1.34601718 1.32478042 1.35885046
 1.34907041 1.37384405 1.35516003 1.39630222 1.34708288 1.31003415
 1.31639115 1.26302907 1.31674973 1.35240777 1.30015962 1.35445014
 1.32274222 1.38507957 1.24159376 1.3074256 ]","[0.03129711 0.04421932 0.09501727 0.07570323 0.04408949 0.03780178
 0.04672006 0.02604071 0.05055157 0.09411887 0.12247842 0.07676271
 0.09000452 0.05627627 0.08177065 0.02517005 0.09268386 0.14190526
 0.13355717 0.20237878 0.13308508 0.08549661 0.15479249 0.0827324
 0.12517651 0.04077729 0.22922247 0.14531915]",9g22axi7
97,"[1.38577438 1.3535069  1.40762405 1.38792955 1.34160388 1.36642295
 1.381275   1.39280027 1.32644442 1.37573082 1.36462838 1.36982498
 1.26913337 1.3636185  1.3944192  1.37375372 1.37829266 1.35219453
 1.32610139 1.40493601 1.33413465 1.34848458 1.36454743 1.31325402
 1.35234942 1.2947898  1.30096491 1.31272415]","[0.03981469 0.08400953 0.00929726 0.03682578 0.10004951 0.06644416
 0.04603968 0.0300537  0.1202726  0.05368235 0.0688947  0.06178976
 0.19465025 0.07027229 0.02779755 0.05640036 0.05015467 0.08578497
 0.12072756 0.01307741 0.11004237 0.09079466 0.06900515 0.13768194
 0.08557552 0.16175969 0.15374515 0.13837765]",aaxwugte
98,"[1.2620295  1.41421356 1.31614907 1.37662553 1.4047385  1.35765577
 1.40101599 1.39802571 1.22862849 1.3708459  1.41421356 1.40547028
 1.40128586 1.37161076 1.40726725 1.2963137  1.32617227 1.38083441
 1.33517607 1.36096218 1.36288404 1.38379182 1.32679762 1.3776108
 1.28516441 1.245566   1.27486418 1.33532838]","[0.20364077 0.         0.13387581 0.05245108 0.01335488 0.07838541
 0.01857709 0.02276206 0.24523602 0.06039075 0.         0.01232665
 0.01819896 0.05934196 0.00979945 0.15978539 0.12063356 0.04664816
 0.10865244 0.07389097 0.07127355 0.0425601  0.11980403 0.05109424
 0.17417621 0.22428267 0.18736066 0.10844906]",arnrlmny
99,"[1.41421356 1.41421356 1.41421356 1.41421356 1.41421356 1.41421356
 1.41421356 1.41421356 1.41421356 1.41421356 1.41421356 1.41421356
 1.41421356 1.41421356 1.06249116 1.41421356 1.41421356 1.41421356
 1.41421356 1.41421356 1.41421356 1.41421356 1.41421356 1.41421356
 1.41421356 1.41421356 1.41421356 1.41421356]","[0.         0.         0.         0.         0.         0.
 0.         0.         0.         0.         0.         0.
 0.         0.         0.43555627 0.         0.         0.
 0.         0.         0.         0.         0.         0.
 0.         0.         0.         0.        ]",bcwy1gl8
100,"[1.41421356 1.41421356 1.41421356 1.41421356 1.33340234 1.41421356
 1.41421356 1.41421356 1.38955926 1.41421356 1.28927371 1.41421356
 1.41421356 1.41421356 1.41421356 1.41421356 1.41421356 1.41421356
 1.41421356 1.41421356 1.41421356 1.41421356 1.41421356 1.41421356
 1.41421356 1.41421356 1.41421356 1.41421356]","[0.         0.         0.         0.         0.1110191  0.
 0.         0.         0.03456253 0.         0.16888665 0.
 0.         0.         0.         0.         0.         0.
 0.         0.         0.         0.         0.         0.
 0.         0.         0.         0.        ]",cf7hcvjy
101,"[1.33984331 1.35997315 1.39444909 1.40160434 1.40057959 1.37685367
 1.39784267 1.3935771  1.36984346 1.25492771 1.39586404 1.31414933
 1.36270664 1.36304089 1.41421356 1.41421356 1.36786382 1.35073198
 1.3933755  1.39167657 1.38769431 1.34444029 1.39984073 1.32866937
 1.39695457 1.10650243 1.36203207 1.34798921]","[0.10240995 0.07523651 0.02775587 0.01775264 0.01918841 0.05213699
 0.02301794 0.02897144 0.06176445 0.21257823 0.02578178 0.13650577
 0.0715153  0.07105976 0.         0.         0.06447429 0.08776155
 0.02925235 0.03161817 0.03715226 0.09624015 0.02022297 0.11731886
 0.02425897 0.38782618 0.07243431 0.09146254]",cr91kd19
102,"[1.36847528 1.30251508 1.37149843 1.37078684 1.35232663 1.34805243
 1.36805237 1.28250887 1.33188276 1.31253302 1.28478043 1.36121053
 1.34588909 1.29902548 1.27480564 1.32777855 1.27723947 1.32260226
 1.26190283 1.25435981 1.24141157 1.32637105 1.28530845 1.29416689
 1.36207891 1.37169796 1.3694834  1.30835763]","[0.06363771 0.15172723 0.05949603 0.06047173 0.08560635 0.09137732
 0.06421636 0.1775855  0.11304415 0.13862854 0.17466962 0.07355295
 0.09429127 0.15626641 0.18743529 0.11850207 0.18432967 0.12536163
 0.20380063 0.21329074 0.22944866 0.12036991 0.1739911  0.16256603
 0.07237052 0.05922236 0.0622576  0.14410015]",fvmi0mv0
103,"[1.35588039 1.22944982 1.2983458  1.3437067  1.2630084  1.33064305
 1.33745659 1.36329727 1.25264219 1.33976625 1.31089134 1.38784665
 1.3696634  1.31451308 1.3169753  1.27923379 1.25497009 1.34628785
 1.31949012 1.34880774 1.38387405 1.31009347 1.22459722 1.35647126
 1.31621995 1.31042383 1.30991255 1.38621072]","[0.08079418 0.24422657 0.15714909 0.09722615 0.20240489 0.11469454
 0.10560493 0.07071027 0.21544377 0.10251319 0.14078195 0.03694084
 0.06201109 0.13602768 0.13278803 0.18178046 0.21252504 0.09375451
 0.12947291 0.09035884 0.04244631 0.14182756 0.25018083 0.07999287
 0.13378252 0.1413947  0.14206456 0.03920992]",hm1o6lw3
104,"[1.34859711 1.30757778 1.38016969 1.37324042 1.34476434 1.34668477
 1.34846338 1.36303837 1.29841782 1.4022647  1.21010786 1.32482978
 1.35285499 1.32407425 1.37620388 1.26288035 1.34227755 1.36935971
 1.3727095  1.32495519 1.40194389 1.35902125 1.27321115 1.40657174
 1.35036778 1.35356788 1.35287298 1.35204299]","[0.09064292 0.14512017 0.04756581 0.05710538 0.09580443 0.09322007
 0.09082325 0.07106321 0.15705558 0.01682686 0.26781949 0.12241303
 0.08489168 0.12341369 0.05303143 0.20256661 0.09914549 0.062427
 0.05783432 0.12224687 0.01727666 0.07653062 0.18946669 0.01077797
 0.08825343 0.083927   0.08486735 0.08598988]",iemnsbbz
105,"[1.39127075 1.38880897 1.34542525 1.35602519 1.14090489 1.31622945
 1.33547647 1.39063478 1.3938295  1.34181336 1.36896092 1.37903933
 1.30676813 1.33940502 1.37301051 1.35007445 1.35329513 1.31181944
 1.38193761 1.36824535 1.34114604 1.40260611 1.32689564 1.36800425
 1.27620492 1.29676987 1.30138368 1.3531726 ]","[0.03218284 0.03560482 0.09491545 0.08059785 0.34916801 0.13377001
 0.10825129 0.03306746 0.02861966 0.09976845 0.062973   0.04912526
 0.14617852 0.10299709 0.05742107 0.08864949 0.08429614 0.13956487
 0.04512422 0.06395234 0.10066365 0.01634805 0.11967398 0.06428219
 0.1856505  0.15919395 0.15320026 0.08446195]",jsgnvpjd
106,"[1.26488222 1.32038396 1.26967128 1.33337174 1.31751941 1.29777967
 1.31306271 1.2785869  1.24884408 1.31619618 1.15056999 1.22543735
 1.2940179  1.26867369 1.33339492 1.32355025 1.31727244 1.3218232
 1.31177082 1.31269437 1.17210042 1.27305709 1.19981179 1.29037634
 1.36742482 1.30651129 1.32717385 1.26937177]","[0.20003648 0.1282931  0.19396742 0.1110599  0.1320713  0.15788396
 0.13793316 0.18260777 0.22019423 0.13381381 0.33809435 0.24915165
 0.16275884 0.19523353 0.11102899 0.12410736 0.13239667 0.12639171
 0.13962865 0.13841674 0.3130903  0.18966283 0.28022583 0.16746445
 0.06507468 0.14651412 0.11930479 0.19434765]",jufjjied
107,"[1.35846901 1.41421356 1.34828713 1.39657383 1.39349696 1.41421356
 1.41421356 1.26749069 1.37676371 1.37571812 1.39736795 1.35084682
 1.41421356 1.38934364 1.35665335 1.36907354 1.338484   1.41421356
 1.36874029 1.36071261 1.35740141 1.41421356 1.32667458 1.41421356
 1.41421356 1.37721084 1.41421356 1.41421356]","[0.07728098 0.         0.0910609  0.02479078 0.02908311 0.
 0.         0.19673368 0.05226085 0.05369983 0.02368141 0.08760643
 0.         0.03486213 0.07974585 0.06281882 0.10423029 0.
 0.06327501 0.0742306  0.07873071 0.         0.11996727 0.
 0.         0.05164515 0.         0.        ]",kwkaksdv
108,"[1.28366013 1.29182299 1.26383687 1.37803327 1.31972115 1.38449349
 1.33586284 1.35398035 1.32005142 1.38480262 1.31377727 1.39637663
 1.32484346 1.36894534 1.41421356 1.32433014 1.38321868 1.3848991
 1.37543558 1.32564251 1.33123737 1.34133873 1.38487825 1.40451409
 1.37711937 1.33016578 1.31630347 1.35277117]","[0.17610834 0.16559668 0.20135818 0.05051215 0.12916805 0.04158889
 0.10773523 0.0833686  0.12873213 0.04116085 0.13699464 0.02506615
 0.1223949  0.06299433 0.         0.12307485 0.04335305 0.04102725
 0.05408848 0.12133597 0.11390353 0.1004052  0.04105611 0.01367008
 0.05177112 0.1153295  0.13367259 0.08500508]",lewbjvmo
109,"[1.34704857 1.38946317 1.38213274 1.36244919 1.30719214 1.31131321
 1.3289983  1.35691061 1.36282474 1.3960858  1.31783803 1.34248898
 1.30350037 1.35638012 1.40516363 1.3275731  1.35186748 1.34610755
 1.40060419 1.33289085 1.35743821 1.34124791 1.3376351  1.39470964
 1.30436358 1.26564834 1.27514167 1.35530804]","[0.09273007 0.03469604 0.04485454 0.0718661  0.14562435 0.14022883
 0.11688176 0.07939679 0.07135437 0.02547222 0.13165147 0.09886167
 0.15044339 0.08011649 0.01275759 0.11877483 0.08622716 0.09399723
 0.01915394 0.11170099 0.07868075 0.10052702 0.10536617 0.02739251
 0.14931783 0.19906714 0.18700685 0.08157006]",lj9ppwgg
110,"[1.37866254 1.41421356 1.37334764 1.33039107 1.3504791  1.40451237
 1.34773728 1.41421356 1.37875843 1.34164588 1.35898027 1.37566002
 1.31935243 1.41421356 1.37529314 1.41421356 1.41421356 1.41421356
 1.2984423  1.34462707 1.19738766 1.20419181 1.35911856 1.37893198
 1.27553681 1.2798488  1.34828459 1.30796693]","[0.0496448  0.         0.05695813 0.11502981 0.08810311 0.0136725
 0.09180211 0.         0.04951259 0.09999317 0.07658631 0.05377976
 0.12965458 0.         0.05428439 0.         0.         0.
 0.1570238  0.09598902 0.2831314  0.27496104 0.07639837 0.0492733
 0.18650293 0.18099352 0.09106434 0.14461126]",mzhgd5f0
111,"[1.28838636 1.28320205 1.34010275 1.29803762 1.34282063 1.32462118
 1.27576199 1.30272297 1.36771708 1.33093774 1.38517143 1.31244353
 1.31275194 1.38633912 1.33257173 1.31331077 1.33963482 1.37316887
 1.36635726 1.25551812 1.29381159 1.29013998 1.35662957 1.36959725
 1.36911721 1.36965694 1.39370373 1.3398205 ]","[0.17003029 0.17669625 0.10206231 0.15754917 0.09841638 0.12268936
 0.18621567 0.15145643 0.06467499 0.11430237 0.04065005 0.13874599
 0.13834117 0.03903192 0.11212629 0.13760741 0.10268927 0.05720363
 0.06653392 0.21183712 0.16302579 0.16776942 0.07977811 0.06210168
 0.06275903 0.06201994 0.02879496 0.10244052]",ot9hqqhn
112,"[1.35908828 1.41421356 1.41421356 1.39131814 1.38603269 1.41421356
 1.41421356 1.41421356 1.41421356 1.30751171 1.37152201 1.41421356
 1.41421356 1.41421356 1.41421356 1.41421356 1.41421356 1.41421356
 1.41421356 1.41421356 1.41421356 1.30080632 1.41421356 1.41421356
 1.41421356 1.41421356 1.41421356 1.41421356]","[0.07643953 0.         0.         0.03211692 0.03945669 0.
 0.         0.         0.         0.14520657 0.05946369 0.
 0.         0.         0.         0.         0.         0.
 0.         0.         0.         0.15395146 0.         0.
 0.         0.         0.         0.        ]",pxdzddxi
113,"[1.33972737 1.27936404 1.25987345 1.23403259 1.29682023 1.33946686
 1.32483972 1.33243295 1.28263624 1.36894085 1.36470964 1.2740248
 1.34794084 1.30601448 1.37420478 1.35784524 1.26524598 1.34940179
 1.33429138 1.36665462 1.30109416 1.30220922 1.36288638 1.37021814
 1.3441036  1.33829489 1.35981874 1.31351773]","[0.10256529 0.18161383 0.20635945 0.23858178 0.15912865 0.10291426
 0.12239985 0.11231121 0.17742214 0.06300047 0.0687838  0.18843041
 0.09152775 0.1471631  0.05578061 0.07812815 0.19957631 0.0895574
 0.10983325 0.06612758 0.15357699 0.15212558 0.07127036 0.06125112
 0.09669276 0.10448339 0.0754465  0.13733558]",qtzpdq7e
114,"[1.29696672 1.16733251 1.2586401  1.17152536 1.15049536 1.29651591
 1.25829892 1.28262892 1.29378597 1.29495668 1.23707209 1.35173769
 1.28427314 1.30636875 1.19630682 1.16516885 1.28655127 1.25421633
 1.26348426 1.28278725 1.3324027  1.26827094 1.20451622 1.34264033
 1.2506722  1.24028321 1.23664122 1.33164378]","[0.15893866 0.31866741 0.20791255 0.31376417 0.33818021 0.15952324
 0.20834191 0.17743153 0.16305893 0.1615436  0.23482632 0.08640261
 0.17532126 0.14670035 0.284425   0.32119078 0.17239292 0.21347069
 0.20180376 0.17722843 0.11235153 0.19574442 0.27457034 0.09865848
 0.21790952 0.23084878 0.23535925 0.11336242]",rcse8di4
115,"[1.33666423 1.36451891 1.3012369  1.31312718 1.17455175 1.31588977
 1.34738552 1.34478212 1.31959971 1.25573302 1.22936361 1.29288336
 1.34065056 1.35632914 1.34410984 1.34210737 1.28826228 1.37930641
 1.25938849 1.32542762 1.36503874 1.36196639 1.22261092 1.30963693
 1.25083222 1.25377373 1.33751009 1.39922385]","[0.10666437 0.06904407 0.15339126 0.13784851 0.31021409 0.13421706
 0.09227613 0.09578052 0.1293283  0.21156729 0.24433256 0.16422631
 0.10132804 0.08018564 0.09668437 0.0993739  0.17019015 0.04875691
 0.20697032 0.12162081 0.06833462 0.07252378 0.25261127 0.14242555
 0.21770938 0.21402572 0.10553338 0.0210863 ]",wka7ow1e
116,"[1.33207756 1.38630107 1.36614728 1.35953426 1.3737946  1.41421356
 1.36160155 1.39434324 1.35776198 1.36861444 1.28019993 1.36552637
 1.35741401 1.38811575 1.39192329 1.32584645 1.40196959 1.39677407
 1.32280462 1.31344252 1.29494366 1.33490989 1.34378532 1.32327772
 1.32701597 1.29094638 1.3435074  1.37500901]","[0.11278469 0.03908467 0.06682081 0.0758333  0.0563442  0.
 0.0730206  0.02790347 0.0782412  0.06344726 0.18054407 0.06766887
 0.0787136  0.03656734 0.03127477 0.1210656  0.01724063 0.0245111
 0.12509396 0.13743437 0.16156046 0.10900779 0.0971205  0.12446804
 0.1195143  0.16672872 0.09749393 0.05467511]",xkxahpzp
117,"[1.31561341 1.37438662 1.35364197 1.41421356 1.3268299  1.37396349
 1.3836965  1.21948334 1.28288222 1.39726595 1.32079322 1.38496715
 1.28499278 1.30468427 1.40378026 1.36645787 1.36722266 1.29017348
 1.37400173 1.33449743 1.3659128  1.35258881 1.34752261 1.40590011
 1.41421356 1.30606614 1.35036814 1.40900717]","[0.13458068 0.05553071 0.08382671 0.         0.11976121 0.05611217
 0.042692   0.25643019 0.17710661 0.02382393 0.12775264 0.04093299
 0.17439678 0.14889947 0.01470049 0.06639644 0.0653511  0.1677262
 0.05605962 0.1095583  0.06714111 0.08525175 0.09209141 0.01172245
 0.         0.14709562 0.08825294 0.0073494 ]",xmka2ssw
118,"[1.30167493 1.15146178 1.39890309 1.37570586 1.37393373 1.40445238
 1.40118426 1.22972733 1.41421356 1.3282014  1.41421356 1.38574431
 1.41421356 1.38870785 1.37882937 1.38541863 1.38139682 1.39251995
 1.32748339 1.32909195 1.39862934 1.30602464 1.25122442 1.31280493
 1.26296957 1.2398453  1.36660385 1.40095149]","[0.15282118 0.33706788 0.02153507 0.05371669 0.05615305 0.01375675
 0.01834133 0.24388534 0.         0.11794051 0.         0.03985636
 0.         0.03574526 0.04941479 0.04030761 0.04587141 0.0304441
 0.11889392 0.1167573  0.02191799 0.14714982 0.21721873 0.1382716
 0.20245393 0.23139182 0.06619696 0.01866746]",yiznfzbt
